/*!40103 SET @OLD_TIME_ZONE=@@TIME_ZONE */; /*!40103 SET TIME_ZONE='+00:00' */; /*!40014 SET @OLD_UNIQUE_CHECKS=@@UNIQUE_CHECKS, UNIQUE_CHECKS=0 */; /*!40014 SET @OLD_FOREIGN_KEY_CHECKS=@@FOREIGN_KEY_CHECKS, FOREIGN_KEY_CHECKS=0 */; /*!40101 SET @OLD_SQL_MODE=@@SQL_MODE, SQL_MODE='NO_AUTO_VALUE_ON_ZERO' */; /*!40111 SET @OLD_SQL_NOTES=@@SQL_NOTES, SQL_NOTES=0 */; DROP TABLE IF EXISTS `cart_items`; /*!40101 SET @saved_cs_client     = @@character_set_client */; /*!40101 SET character_set_client = utf8 */; CREATE TABLE `cart_items` (   `id` int(11) NOT NULL AUTO_INCREMENT,   `user_id` int(11) DEFAULT NULL,   `session_id` varchar(100) DEFAULT NULL,   `product_id` int(11) NOT NULL,   `quantity` int(11) NOT NULL DEFAULT 1,   `created_at` timestamp NOT NULL DEFAULT current_timestamp(),   `updated_at` datetime DEFAULT NULL),   PRIMARY KEY (`id`),   KEY `product_id` (`product_id`),   CONSTRAINT `cart_items_ibfk_1` FOREIGN KEY (`product_id`) REFERENCES `products` (`id`) ON DELETE CASCADE ) ENGINE=InnoDB AUTO_INCREMENT=3 DEFAULT CHARSET=utf8mb4 COLLATE=utf8mb4_general_ci; /*!40101 SET character_set_client = @saved_cs_client */;  LOCK TABLES `cart_items` WRITE; /*!40000 ALTER TABLE `cart_items` DISABLE KEYS */; /*!40000 ALTER TABLE `cart_items` ENABLE KEYS */; UNLOCK TABLES; DROP TABLE IF EXISTS `categories`; /*!40101 SET @saved_cs_client     = @@character_set_client */; /*!40101 SET character_set_client = utf8 */; CREATE TABLE `categories` (   `id` int(11) NOT NULL AUTO_INCREMENT,   `name` varchar(100) NOT NULL,   `slug` varchar(100) NOT NULL,   `type` enum('jenis','merk') NOT NULL DEFAULT 'jenis',   `description` text DEFAULT NULL,   `created_at` timestamp NOT NULL DEFAULT current_timestamp(),   `updated_at` datetime DEFAULT NULL),   PRIMARY KEY (`id`),   UNIQUE KEY `slug` (`slug`) ) ENGINE=InnoDB AUTO_INCREMENT=21 DEFAULT CHARSET=utf8mb4 COLLATE=utf8mb4_general_ci; /*!40101 SET character_set_client = @saved_cs_client */;  LOCK TABLES `categories` WRITE; /*!40000 ALTER TABLE `categories` DISABLE KEYS */; INSERT INTO `categories` VALUES (7,'JDM Cars','jdm-cars','jenis','','2025-12-17 15:57:07','2025-12-17 15:57:07'),(8,'Truck and Classic','truck-and-classic','jenis','','2025-12-17 15:59:12','2025-12-17 15:59:12'),(9,'Bike','bike','jenis','','2025-12-17 15:59:21','2025-12-17 15:59:21'),(10,'Nascar','nascar','jenis','','2025-12-17 15:59:29','2025-12-17 15:59:29'),(11,'Sports Cars','sports-cars','jenis','','2025-12-17 15:59:37','2025-12-17 15:59:37'),(12,'Others','others','jenis','','2025-12-17 15:59:42','2025-12-17 15:59:42'),(13,'Hot Wheels','hot-wheels','merk','','2025-12-17 16:00:05','2025-12-17 16:00:05'),(14,'Mini GT','mini-gt','merk','','2025-12-17 16:00:12','2025-12-17 16:00:12'),(15,'Tomica','tomica','merk','','2025-12-17 16:00:19','2025-12-17 16:00:19'),(16,'Ignition Model','ignition-model','merk','','2025-12-17 16:00:25','2025-12-17 16:00:25'),(17,'Time Micro','time-micro','merk','','2025-12-17 16:00:36','2025-12-17 16:00:36'),(20,'Others Brand','others-brand','merk','','2025-12-18 00:26:07','2025-12-18 00:26:07'); /*!40000 ALTER TABLE `categories` ENABLE KEYS */; UNLOCK TABLES; DROP TABLE IF EXISTS `chat_conversations`; /*!40101 SET @saved_cs_client     = @@character_set_client */; /*!40101 SET character_set_client = utf8 */; CREATE TABLE `chat_conversations` (   `id` int(11) NOT NULL AUTO_INCREMENT,   `user_id` int(11) DEFAULT NULL,   `session_id` varchar(100) DEFAULT NULL,   `created_at` timestamp NOT NULL DEFAULT current_timestamp(),   `updated_at` datetime DEFAULT NULL),   PRIMARY KEY (`id`) ) ENGINE=InnoDB DEFAULT CHARSET=utf8mb4 COLLATE=utf8mb4_general_ci; /*!40101 SET character_set_client = @saved_cs_client */;  LOCK TABLES `chat_conversations` WRITE; /*!40000 ALTER TABLE `chat_conversations` DISABLE KEYS */; /*!40000 ALTER TABLE `chat_conversations` ENABLE KEYS */; UNLOCK TABLES; DROP TABLE IF EXISTS `chat_messages`; /*!40101 SET @saved_cs_client     = @@character_set_client */; /*!40101 SET character_set_client = utf8 */; CREATE TABLE `chat_messages` (   `id` int(11) NOT NULL AUTO_INCREMENT,   `conversation_id` int(11) NOT NULL,   `sender_type` enum('user','admin') NOT NULL,   `message` text NOT NULL,   `is_read` tinyint(1) DEFAULT 0,   `created_at` timestamp NOT NULL DEFAULT current_timestamp(),   PRIMARY KEY (`id`),   KEY `conversation_id` (`conversation_id`),   CONSTRAINT `chat_messages_ibfk_1` FOREIGN KEY (`conversation_id`) REFERENCES `chat_conversations` (`id`) ON DELETE CASCADE ) ENGINE=InnoDB DEFAULT CHARSET=utf8mb4 COLLATE=utf8mb4_general_ci; /*!40101 SET character_set_client = @saved_cs_client */;  LOCK TABLES `chat_messages` WRITE; /*!40000 ALTER TABLE `chat_messages` DISABLE KEYS */; /*!40000 ALTER TABLE `chat_messages` ENABLE KEYS */; UNLOCK TABLES; DROP TABLE IF EXISTS `order_items`; /*!40101 SET @saved_cs_client     = @@character_set_client */; /*!40101 SET character_set_client = utf8 */; CREATE TABLE `order_items` (   `id` int(11) NOT NULL AUTO_INCREMENT,   `order_id` int(11) NOT NULL,   `product_id` int(11) DEFAULT NULL,   `product_name` varchar(255) NOT NULL,   `product_price` decimal(15,2) NOT NULL,   `quantity` int(11) NOT NULL,   `subtotal` decimal(15,2) NOT NULL,   `created_at` timestamp NOT NULL DEFAULT current_timestamp(),   PRIMARY KEY (`id`),   KEY `order_id` (`order_id`),   KEY `product_id` (`product_id`),   CONSTRAINT `order_items_ibfk_1` FOREIGN KEY (`order_id`) REFERENCES `orders` (`id`) ON DELETE CASCADE,   CONSTRAINT `order_items_ibfk_2` FOREIGN KEY (`product_id`) REFERENCES `products` (`id`) ON DELETE SET NULL ) ENGINE=InnoDB AUTO_INCREMENT=3 DEFAULT CHARSET=utf8mb4 COLLATE=utf8mb4_general_ci; /*!40101 SET character_set_client = @saved_cs_client */;  LOCK TABLES `order_items` WRITE; /*!40000 ALTER TABLE `order_items` DISABLE KEYS */; INSERT INTO `order_items` VALUES (1,1,1,'HOT WHEELS NISSAN SKYLINE R34 RLC RED SPECTRAFLAME 2024',2500000.00,1,2500000.00,'2025-12-17 16:44:43'),(2,2,7,'Justin Allgaier 2025 Traveller Whiskey 1:24 Color Chrome Nascar Diecast',249000.00,1,249000.00,'2025-12-18 10:06:17'); /*!40000 ALTER TABLE `order_items` ENABLE KEYS */; UNLOCK TABLES; DROP TABLE IF EXISTS `orders`; /*!40101 SET @saved_cs_client     = @@character_set_client */; /*!40101 SET character_set_client = utf8 */; CREATE TABLE `orders` (   `id` int(11) NOT NULL AUTO_INCREMENT,   `user_id` int(11) DEFAULT NULL,   `order_number` varchar(50) NOT NULL,   `customer_name` varchar(100) NOT NULL,   `customer_email` varchar(100) NOT NULL,   `customer_phone` varchar(20) NOT NULL,   `customer_address` text NOT NULL,   `shipping_address` text NOT NULL,   `notes` text DEFAULT NULL,   `total_amount` decimal(15,2) NOT NULL,   `status` enum('pending','processing','shipped','completed','cancelled') DEFAULT 'pending',   `snap_token` varchar(255) DEFAULT NULL,   `created_at` timestamp NOT NULL DEFAULT current_timestamp(),   `updated_at` datetime DEFAULT NULL),   PRIMARY KEY (`id`),   UNIQUE KEY `order_number` (`order_number`),   KEY `user_id` (`user_id`),   CONSTRAINT `orders_ibfk_1` FOREIGN KEY (`user_id`) REFERENCES `users` (`id`) ON DELETE SET NULL ) ENGINE=InnoDB AUTO_INCREMENT=3 DEFAULT CHARSET=utf8mb4 COLLATE=utf8mb4_general_ci; /*!40101 SET character_set_client = @saved_cs_client */;  LOCK TABLES `orders` WRITE; /*!40000 ALTER TABLE `orders` DISABLE KEYS */; INSERT INTO `orders` VALUES (1,2,'ORD-1765989883-679','Aulia Rizky Mahmuda','rizkymahmuda@gmail.com','08127481923','Brayan','Brayan','',2550000.00,'shipped',NULL,'2025-12-17 16:44:43','2025-12-18 09:23:30'),(2,2,'ORD-1766052377-375','Aulia Rizky','aulia@gmail.com','081282109202','Marelan','Marelan','',299000.00,'completed',NULL,'2025-12-18 10:06:17','2025-12-18 10:30:32'); /*!40000 ALTER TABLE `orders` ENABLE KEYS */; UNLOCK TABLES; DROP TABLE IF EXISTS `product_images`; /*!40101 SET @saved_cs_client     = @@character_set_client */; /*!40101 SET character_set_client = utf8 */; CREATE TABLE `product_images` (   `id` int(11) NOT NULL AUTO_INCREMENT,   `product_id` int(11) NOT NULL,   `image_path` mediumtext NOT NULL,   `is_main` tinyint(1) DEFAULT 0,   `created_at` timestamp NOT NULL DEFAULT current_timestamp(),   PRIMARY KEY (`id`),   KEY `product_id` (`product_id`),   CONSTRAINT `product_images_ibfk_1` FOREIGN KEY (`product_id`) REFERENCES `products` (`id`) ON DELETE CASCADE ) ENGINE=InnoDB AUTO_INCREMENT=27 DEFAULT CHARSET=utf8mb4 COLLATE=utf8mb4_general_ci; /*!40101 SET character_set_client = @saved_cs_client */;  LOCK TABLES `product_images` WRITE; /*!40000 ALTER TABLE `product_images` DISABLE KEYS */; INSERT INTO `product_images` VALUES (1,1,'/uploads/1765987747_Hot-Wheels-RLC-Exclusive-sELECTIONs-Nissan-Skyline-GT-R-R34-011.jpg',1,'2025-12-17 16:09:07'),(2,1,'/uploads/1765987747_kap.png',0,'2025-12-17 16:09:07'),(3,1,'/uploads/1765987747_depan-kiri.png',0,'2025-12-17 16:09:07'),(4,1,'/uploads/1765987747_depan.png',0,'2025-12-17 16:09:07'),(5,1,'/uploads/1765987747_belakang.png',0,'2025-12-17 16:09:07'),(6,2,'/uploads/1766017170_chevytmb.webp',1,'2025-12-18 00:19:30'),(7,2,'/uploads/1766017170_chevy1.webp',0,'2025-12-18 00:19:30'),(8,2,'/uploads/1766017170_chevy2.webp',0,'2025-12-18 00:19:30'),(9,2,'/uploads/1766017170_chevy3.webp',0,'2025-12-18 00:19:30'),(10,3,'/uploads/1766017278_igm1.webp',1,'2025-12-18 00:21:18'),(11,3,'/uploads/1766017278_igm3.webp',0,'2025-12-18 00:21:18'),(12,3,'/uploads/1766017278_igm4.webp',0,'2025-12-18 00:21:18'),(13,4,'/uploads/1766017410_biruutama.jpeg',1,'2025-12-18 00:23:30'),(14,4,'/uploads/1766017410_biru1.jpeg',0,'2025-12-18 00:23:30'),(15,4,'/uploads/1766017410_biru2.jpeg',0,'2025-12-18 00:23:30'),(16,5,'/uploads/1766017632_Screenshot_2024-10-14_162603.webp',1,'2025-12-18 00:27:12'),(17,6,'/uploads/1766017924_lambotmb.jpg',1,'2025-12-18 00:32:04'),(18,6,'/uploads/1766017924_lambo1.jpg',0,'2025-12-18 00:32:04'),(19,6,'/uploads/1766017924_lambo2.jpg',0,'2025-12-18 00:32:04'),(20,7,'/uploads/1766018228_2024-JL-HBP-Diecast.png',1,'2025-12-18 00:37:08'),(21,8,'/uploads/1766018352_beatles-london-bus.png',1,'2025-12-18 00:39:12'),(22,9,'/uploads/1766018440_FYN68_-_RWB_Porsche_930.png',1,'2025-12-18 00:40:40'),(23,10,'/uploads/1766018571_s-l500.jpg',1,'2025-12-18 00:42:51'),(24,11,'/uploads/1766018861_motor1.avif',1,'2025-12-18 00:47:41'),(25,11,'/uploads/1766018861_motor2.avif',0,'2025-12-18 00:47:41'),(26,11,'/uploads/1766018861_motor3.avif',0,'2025-12-18 00:47:41'); /*!40000 ALTER TABLE `product_images` ENABLE KEYS */; UNLOCK TABLES; DROP TABLE IF EXISTS `products`; /*!40101 SET @saved_cs_client     = @@character_set_client */; /*!40101 SET character_set_client = utf8 */; CREATE TABLE `products` (   `id` int(11) NOT NULL AUTO_INCREMENT,   `name` varchar(255) NOT NULL,   `slug` varchar(255) NOT NULL,   `description` text DEFAULT NULL,   `price` decimal(15,2) NOT NULL,   `stock` int(11) NOT NULL DEFAULT 0,   `weight` int(11) DEFAULT NULL,   `category_jenis_id` int(11) DEFAULT NULL,   `category_merk_id` int(11) DEFAULT NULL,   `is_featured` tinyint(1) DEFAULT 0,   `is_bestseller` tinyint(1) DEFAULT 0,   `created_at` timestamp NOT NULL DEFAULT current_timestamp(),   `updated_at` datetime DEFAULT NULL),   PRIMARY KEY (`id`),   UNIQUE KEY `slug` (`slug`),   KEY `category_jenis_id` (`category_jenis_id`),   KEY `category_merk_id` (`category_merk_id`),   CONSTRAINT `products_ibfk_1` FOREIGN KEY (`category_jenis_id`) REFERENCES `categories` (`id`) ON DELETE SET NULL,   CONSTRAINT `products_ibfk_2` FOREIGN KEY (`category_merk_id`) REFERENCES `categories` (`id`) ON DELETE SET NULL ) ENGINE=InnoDB AUTO_INCREMENT=12 DEFAULT CHARSET=utf8mb4 COLLATE=utf8mb4_general_ci; /*!40101 SET character_set_client = @saved_cs_client */;  LOCK TABLES `products` WRITE; /*!40000 ALTER TABLE `products` DISABLE KEYS */; INSERT INTO `products` VALUES (1,'HOT WHEELS NISSAN SKYLINE R34 RLC RED SPECTRAFLAME 2024','hot-wheels-nissan-skyline-r34-rlc-red-spectraflame-2024','HOTWHEELS GTR',2500000.00,3,150,7,13,1,0,'2025-12-17 16:09:07','2025-12-17 16:09:07'),(2,'RLC Exclusive ΓÇÖ55 Chevy Bel Air Gasser Collectible Diecast','rlc-exclusive-55-chevy-bel-air-gasser-collectible-diecast','Our RLC Exclusive ΓÇÖ55 Chevy Bel Air Gasser throws it back to the club car introduced in 2016 with a nearly identical chassis. ItΓÇÖs this yearΓÇÖs Hot Wheels Collectors Convention car, and itΓÇÖs anything but conventional, with a reverse-raked stance, party-pink Spectraflame finish, and a big block engine begging to be revved. Gasser up and enjoy the show. ',999999.00,7,150,8,13,1,0,'2025-12-18 00:19:30','2025-12-18 00:19:30'),(3,'Ignition Model 1/64 IG2503','ignition-model-1-64-ig2503','Ignition Model Brand New Car',899000.00,3,150,7,16,0,0,'2025-12-18 00:21:18','2025-12-18 00:21:18'),(4,'Mini GT R35','mini-gt-r35','Brand New',300000.00,11,149,7,14,1,0,'2025-12-18 00:23:30','2025-12-18 00:23:30'),(5,'Nascar 1:64 Model','nascar-1-64-model','Nascar Brand New',150000.00,3,150,10,20,0,0,'2025-12-18 00:27:12','2025-12-18 00:27:12'),(6,'1/64 Mini GT Lamborghini Aventador SVJ 63 Roadster (Verde Shock Green) Diecast Car Model','1-64-mini-gt-lamborghini-aventador-svj-63-roadster-verde-shock-green-diecast-car-model','Brand new 1/64 scale diecast car model of Lamborghini Aventador SVJ 63 Roadster Verde Shock Green Limited Edition die cast model car by Mini GT.',350000.00,13,150,11,14,1,0,'2025-12-18 00:32:04','2025-12-18 00:32:04'),(7,'Justin Allgaier 2025 Traveller Whiskey 1:24 Color Chrome Nascar Diecast','justin-allgaier-2025-traveller-whiskey-1-24-color-chrome-nascar-diecast','Justin Allgaier will give JR Motorsports its first run in the NASCAR Cup Series┬« when the 2025 season opens at the DAYTONA 500┬«. Along for the ride with Allgaier will be Traveller Whiskey, a Buffalo Trace Distillery brand championed by award-winning performer Chris Stapleton.',249000.00,3,149,10,20,0,0,'2025-12-18 00:37:08','2025-12-18 00:37:08'),(8,'Beatless London 1:64','beatless-london-1-64','Brand New',99000.00,3,150,12,20,0,0,'2025-12-18 00:39:12','2025-12-18 00:39:12'),(9,'Porsche RWB Black','porsche-rwb-black','Porsche RWB Black Brand New in Box',1499000.00,3,150,11,17,0,0,'2025-12-18 00:40:40','2025-12-18 00:40:40'),(10,'TOMICA PREMIUM 06 Ferrari F50 ( RED ) 1/62','tomica-premium-06-ferrari-f50-red-1-62','TOMICA PREMIUM 06 Ferrari F50 ( RED ) 1/62 TOMY 2023 JAN NEW MODEL DIECAST CAR',150000.00,2,150,11,15,0,0,'2025-12-18 00:42:51','2025-12-18 00:42:51'),(11,'1:18 2021 Ducati Lenovo Team','1-18-2021-ducati-lenovo-team','1:18 2021 Ducati Lenovo Team -- #63 Francesco Bagnaia -- Maisto MotoGP',350000.00,2,250,9,20,1,0,'2025-12-18 00:47:41','2025-12-18 00:47:41'); /*!40000 ALTER TABLE `products` ENABLE KEYS */; UNLOCK TABLES; DROP TABLE IF EXISTS `users`; /*!40101 SET @saved_cs_client     = @@character_set_client */; /*!40101 SET character_set_client = utf8 */; CREATE TABLE `users` (   `id` int(11) NOT NULL AUTO_INCREMENT,   `name` varchar(100) NOT NULL,   `email` varchar(100) NOT NULL,   `password` varchar(255) NOT NULL,   `role` enum('admin','customer') DEFAULT 'customer',   `phone` varchar(20) DEFAULT NULL,   `address` text DEFAULT NULL,   `created_at` timestamp NOT NULL DEFAULT current_timestamp(),   `updated_at` datetime DEFAULT NULL),   `api_token` varchar(255) DEFAULT NULL,   PRIMARY KEY (`id`),   UNIQUE KEY `email` (`email`) ) ENGINE=InnoDB AUTO_INCREMENT=5 DEFAULT CHARSET=utf8mb4 COLLATE=utf8mb4_general_ci; /*!40101 SET character_set_client = @saved_cs_client */;  LOCK TABLES `users` WRITE; /*!40000 ALTER TABLE `users` DISABLE KEYS */; INSERT INTO `users` VALUES (1,'Admin','admin@diecast.com','$2y$10$UDpGCjq/11pcEkLwvubuS.iutYxgSmmXG2xrEArWSNWKUrv25p2lm','admin',NULL,NULL,'2025-12-17 14:52:25','2025-12-18 10:14:47','2956d86fc210d3e5ef776fab9faab1a02599b140be53362d4711c9fb8c35bb51'),(2,'Aulia Rizky','auliarizky@gmail.com','$2y$10$.zMFqJ6D4ooSqBkQx/WVReT12ChbILwY010YL72afvpqZxGErvnqK','customer','admin@example.com','Brayan','2025-12-17 15:14:14','2025-12-18 10:05:06','041c5249f2bbc50dd23e21c31e319a1a33420de9745a1c4d044d0b761aa147f2'),(3,'Farhan Syahputra','farhan@gmail.com','$2y$10$FYBx91cwKZj5cSyJl5Aw7.pkEgvYnlwI36ar/e9yAtAoB/cdDckra','customer',NULL,NULL,'2025-12-17 15:20:28','2025-12-17 15:20:36','9ff6372933a3d1a14c668ef75de17f93b3ea9ab7297a83573c98f2583905da8d'),(4,'Reza Ananda','reza@gmail.com','$2y$10$5PemlDpSlyC1C19cCf/kSeLXREmwHpvvdtW8GKw826G5oIHGeoN0K','customer',NULL,NULL,'2025-12-17 15:27:58','2025-12-17 15:28:08','54fb1f2a005f405313dadda817da02476ee9eb8ddbb040e61318aca936991e58'); /*!40000 ALTER TABLE `users` ENABLE KEYS */; UNLOCK TABLES; DROP TABLE IF EXISTS `wishlists`; /*!40101 SET @saved_cs_client     = @@character_set_client */; /*!40101 SET character_set_client = utf8 */; CREATE TABLE `wishlists` (   `id` int(11) NOT NULL AUTO_INCREMENT,   `user_id` int(11) NOT NULL,   `product_id` int(11) NOT NULL,   `created_at` timestamp NOT NULL DEFAULT current_timestamp(),   PRIMARY KEY (`id`),   KEY `user_id` (`user_id`),   KEY `product_id` (`product_id`),   CONSTRAINT `wishlists_ibfk_1` FOREIGN KEY (`user_id`) REFERENCES `users` (`id`) ON DELETE CASCADE,   CONSTRAINT `wishlists_ibfk_2` FOREIGN KEY (`product_id`) REFERENCES `products` (`id`) ON DELETE CASCADE ) ENGINE=InnoDB AUTO_INCREMENT=2 DEFAULT CHARSET=utf8mb4 COLLATE=utf8mb4_general_ci; /*!40101 SET character_set_client = @saved_cs_client */;  LOCK TABLES `wishlists` WRITE; /*!40000 ALTER TABLE `wishlists` DISABLE KEYS */; /*!40000 ALTER TABLE `wishlists` ENABLE KEYS */; UNLOCK TABLES; /*!40103 SET TIME_ZONE=@OLD_TIME_ZONE */;  /*!40101 SET SQL_MODE=@OLD_SQL_MODE */; /*!40014 SET FOREIGN_KEY_CHECKS=@OLD_FOREIGN_KEY_CHECKS */; /*!40014 SET UNIQUE_CHECKS=@OLD_UNIQUE_CHECKS */; /*!40111 SET SQL_NOTES=@OLD_SQL_NOTES */; 